{"playerXPos":138.719986,"playerYPos":10.0481691,"playerZPos":105.412209,"playerXRot":0.0,"playerYRot":0.999748,"playerZRot":0.0,"playerWRot":0.0224492326,"currentHP":100,"MaxHP":100,"currentMP":0,"MaxMP":200,"enemyCount":3,"enemyXPosList":[140.852356,138.554535,136.238358],"enemyYPosList":[10.0481691,10.0599318,10.2428789],"enemyZPosList":[100.366966,99.5273,99.71894],"enemyXRotList":[0.0,0.0,0.0],"enemyYRotList":[-0.120695904,0.09393338,0.313296258],"enemyZRotList":[0.0,0.0,0.0],"enemyWRotList":[0.99268955,0.9955785,0.9496555]}